Id,Position,First Name,Nickname,Last Name,FPPG,Played,Salary,Game,Team,Opponent,Injury Indicator,Injury Details,Tier
29206-9488,SF,LeBron,LeBron James,James,54.05180488,83,11700,LAL@POR,LAL,POR,,,
29206-66115,PG,Ben,Ben Simmons,Simmons,64,1,11000,CHI@PHI,PHI,CHI,,,
29206-49111,C,Joel,Joel Embiid,Embiid,42,1,10800,CHI@PHI,PHI,CHI,,,
29206-20848,PG,Damian,Damian Lillard,Lillard,43.37973105,74,9900,LAL@POR,POR,LAL,,,
29206-12332,PG,John,John Wall,Wall,41.81707317,41,9600,MIA@WAS,WAS,MIA,,,
29206-15595,SG,Bradley,Bradley Beal,Beal,36.74819395,83,8200,MIA@WAS,WAS,MIA,,,
29206-55057,C,Jusuf,Jusuf Nurkic,Nurkic,32.12784934,79,7800,LAL@POR,POR,LAL,,,
29206-12363,C,Hassan,Hassan Whiteside,Whiteside,41.59999847,1,7500,MIA@WAS,MIA,WAS,,,
29206-19067,SG,CJ,CJ McCollum,McCollum,33.44691298,81,7200,LAL@POR,POR,LAL,,,
29206-9660,C,Dwight,Dwight Howard,Howard,37.62839386,81,7100,MIA@WAS,WAS,MIA,GTD,Back,
29206-23802,PG,Kris,Kris Dunn,Dunn,32.05471744,53,7000,CHI@PHI,CHI,PHI,,,
29206-16233,SF,Josh,Josh Richardson,Richardson,34.5,1,6900,MIA@WAS,MIA,WAS,,,
29206-66048,PF,Brandon,Brandon Ingram,Ingram,29.98166707,60,6800,LAL@POR,LAL,POR,,,
29206-40783,SG,Zach,Zach LaVine,LaVine,27.61666616,24,6800,CHI@PHI,CHI,PHI,,,
29206-20491,SF,Robert,Robert Covington,Covington,22.20000076,1,6700,CHI@PHI,PHI,CHI,,,
29206-80806,PG,Lonzo,Lonzo Ball,Ball,34.25,52,6600,LAL@POR,LAL,POR,,,
29206-15628,SF,Otto,Otto Porter Jr.,Porter Jr.,30.59610263,77,6400,MIA@WAS,WAS,MIA,,,
29206-42550,SF,Jabari,Jabari Parker,Parker,23.24838749,31,6200,CHI@PHI,CHI,PHI,,,
29206-9673,PG,Goran,Goran Dragic,Dragic,36.79999924,1,6200,MIA@WAS,MIA,WAS,,,
29206-22541,PF,Kelly,Kelly Olynyk,Olynyk,4.199999809,1,6100,MIA@WAS,MIA,WAS,,,
29206-58377,PF,Kyle,Kyle Kuzma,Kuzma,27.83974359,78,6000,LAL@POR,LAL,POR,,,
29206-55056,PF,Dario,Dario Saric,Saric,11.69999981,1,5900,CHI@PHI,PHI,CHI,,,
29206-9966,PF,James,James Johnson,Johnson,25.44657501,73,5800,MIA@WAS,MIA,WAS,O,Abdomen,
29206-80805,SG,Markelle,Markelle Fultz,Fultz,11.60000038,1,5700,CHI@PHI,PHI,CHI,,,
29206-42156,PF,Bobby,Bobby Portis,Portis,25.50821884,73,5700,CHI@PHI,CHI,PHI,,,
29206-12342,PF,Al-Farouq,Al-Farouq Aminu,Aminu,24.31884058,69,5600,LAL@POR,POR,LAL,,,
29206-9655,SG,JJ,JJ Redick,Redick,19.89999962,1,5400,CHI@PHI,PHI,CHI,,,
29206-84676,PF,Wendell,Wendell Carter Jr.,Carter Jr.,0,0,5300,CHI@PHI,CHI,PHI,,,
29206-15636,SG,Kentavious,Kentavious Caldwell-Pope,Caldwell-Pope,26.64054087,74,5000,LAL@POR,LAL,POR,,,
29206-14511,PF,Markieff,Markieff Morris,Morris,23.28493218,73,5000,MIA@WAS,WAS,MIA,,,
29206-16220,SG,Dion,Dion Waiters,Waiters,23.89666748,30,5000,MIA@WAS,MIA,WAS,O,Ankle,
29206-9636,SF,Wilson,Wilson Chandler,Chandler,21.75135102,74,4900,CHI@PHI,PHI,CHI,O,Hamstring,
29206-9585,SG,Dwyane,Dwyane Wade,Wade,21.20000076,1,4800,MIA@WAS,MIA,WAS,,,
29206-16178,SF,Maurice,Maurice Harkless,Harkless,15.11694957,59,4700,LAL@POR,POR,LAL,GTD,Knee,
29206-58153,SF,Kelly,Kelly Oubre Jr.,Oubre Jr.,22.10617254,81,4600,MIA@WAS,WAS,MIA,,,
29206-58084,SF,Justise,Justise Winslow,Winslow,20.27941176,68,4600,MIA@WAS,MIA,WAS,O,Hamstring,
29206-9739,C,JaVale,JaVale McGee,McGee,11.83538443,65,4500,LAL@POR,LAL,POR,,,
29206-16604,SG,Justin,Justin Holiday,Holiday,23.53749932,72,4500,CHI@PHI,CHI,PHI,,,
29206-9455,PG,Rajon,Rajon Rondo,Rondo,26.80923039,65,4500,LAL@POR,LAL,POR,,,
29206-9873,C,Robin,Robin Lopez,Lopez,21.625,64,4400,CHI@PHI,CHI,PHI,,,
29206-24546,SF,Denzel,Denzel Valentine,Valentine,22.70909059,77,4400,CHI@PHI,CHI,PHI,GTD,Ankle,
29206-9587,SF,Michael,Michael Beasley,Beasley,23.66621688,74,4400,LAL@POR,LAL,POR,,,
29206-80817,C,Bam,Bam Adebayo,Adebayo,23.60000038,1,4300,MIA@WAS,MIA,WAS,,,
29206-40562,SG,Josh,Josh Hart,Hart,16.99365041,63,4200,LAL@POR,LAL,POR,,,
29206-12359,SF,Evan,Evan Turner,Turner,16.83924112,79,4100,LAL@POR,POR,LAL,,,
29206-48567,PG,Cameron,Cameron Payne,Payne,21.69199951,25,4000,CHI@PHI,CHI,PHI,,,
29206-12369,SF,Lance,Lance Stephenson,Stephenson,20.4304884,82,4000,LAL@POR,LAL,POR,,,
29206-84695,SG,Gary,Gary Trent Jr.,Trent Jr.,0,0,4000,LAL@POR,POR,LAL,O,Quadriceps,
29206-15592,SG,Austin,Austin Rivers,Rivers,26.52459016,61,4000,MIA@WAS,WAS,MIA,,,
29206-15583,PG,Seth,Seth Curry,Curry,0,0,3900,LAL@POR,POR,LAL,,,
29206-18600,PG,Tyler,Tyler Johnson,Johnson,10,1,3800,MIA@WAS,MIA,WAS,,,
29206-80815,PF,Zach,Zach Collins,Collins,10.9121214,66,3800,LAL@POR,POR,LAL,,,
29206-84707,SF,Chandler,Chandler Hutchison,Hutchison,0,0,3800,CHI@PHI,CHI,PHI,,,
29206-9956,SG,Wayne,Wayne Ellington,Ellington,17.85844124,77,3800,MIA@WAS,MIA,WAS,O,Ankle,
29206-63478,C,Cristiano,Cristiano Felicio,Felicio,12.67454501,55,3800,CHI@PHI,CHI,PHI,GTD,Ankle,
29206-15669,C,Meyers,Meyers Leonard,Leonard,7.045454545,33,3700,LAL@POR,POR,LAL,,,
29206-23780,SF,Jake,Jake Layman,Layman,2.785294028,34,3700,LAL@POR,POR,LAL,,,
29206-9862,PF,Amir,Amir Johnson,Johnson,10.10000038,1,3600,CHI@PHI,PHI,CHI,,,
29206-9648,SF,Jeff,Jeff Green,Green,18.45769168,78,3600,MIA@WAS,WAS,MIA,,,
29206-84672,SG,Zhaire,Zhaire Smith,Smith,0,0,3600,CHI@PHI,PHI,CHI,O,Foot,
29206-18393,PG,T.J.,T.J. McConnell,McConnell,9.699999809,1,3600,CHI@PHI,PHI,CHI,,,
29206-15744,SG,Rodney,Rodney McGruder,McGruder,18.10000038,1,3500,MIA@WAS,MIA,WAS,,,
29206-12423,C,Omer,Omer Asik,Asik,5.10555564,18,3500,CHI@PHI,CHI,PHI,O,Undisclosed,
29206-66185,PF,Caleb,Caleb Swanigan,Swanigan,5.659259372,27,3500,LAL@POR,POR,LAL,,,
29206-85137,SG,Duncan,Duncan Robinson,Robinson,0,0,3500,MIA@WAS,MIA,WAS,,,
29206-66968,SF,Derrick,Derrick Jones Jr.,Jones Jr.,8.399999619,1,3500,MIA@WAS,MIA,WAS,,,
29206-16298,PF,Travis,Travis Wear,Wear,8.947059183,17,3500,LAL@POR,LAL,POR,,,
29206-70827,C,Ivica,Ivica Zubac,Zubac,9.048837351,43,3500,LAL@POR,LAL,POR,,,
29206-70826,SG,Furkan,Furkan Korkmaz,Korkmaz,0,1,3500,CHI@PHI,PHI,CHI,,,
29206-23981,PG,Alex,Alex Caruso,Caruso,10.31081081,37,3500,LAL@POR,LAL,POR,GTD,Hip,
29206-80812,PF,Lauri,Lauri Markkanen,Markkanen,28.09855143,69,3500,CHI@PHI,CHI,PHI,O,Elbow,
29206-41269,PG,Demetrius,Demetrius Jackson,Jackson,3.393333435,15,3500,CHI@PHI,PHI,CHI,,,
29206-23097,PG,Tomas,Tomas Satoransky,Satoransky,18.48493184,73,3500,MIA@WAS,WAS,MIA,,,
29206-23740,PG,Ryan,Ryan Arcidiacono,Arcidiacono,6.520833333,24,3500,CHI@PHI,CHI,PHI,,,
29206-84668,SF,Troy,Troy Brown Jr.,Brown Jr.,0,0,3500,MIA@WAS,WAS,MIA,,,
29206-66114,SG,Antonio,Antonio Blakeney,Blakeney,12.29473716,19,3500,CHI@PHI,CHI,PHI,,,
29206-9669,PF,Jason,Jason Smith,Smith,6.957575943,33,3500,MIA@WAS,WAS,MIA,,,
29206-58574,PF,Jonah,Jonah Bolden,Bolden,0,1,3500,CHI@PHI,PHI,CHI,,,
29206-9810,PG,Jerryd,Jerryd Bayless,Bayless,13.46153846,39,3500,CHI@PHI,PHI,CHI,O,Knee,
29206-84691,SG,Shake,Shake Milton,Milton,0,0,3500,CHI@PHI,PHI,CHI,GTD,Back,
29206-58457,SF,Devin,Devin Robinson,Robinson,11,1,3500,MIA@WAS,WAS,MIA,,,
29206-85467,PF,Yante,Yante Maten,Maten,0,0,3500,MIA@WAS,MIA,WAS,,,
29206-58463,PG,Tyler,Tyler Ulis,Ulis,18.00140811,71,3500,CHI@PHI,CHI,PHI,,,
29206-9953,C,Ian,Ian Mahinmi,Mahinmi,12.45324707,77,3500,MIA@WAS,WAS,MIA,,,
29206-16230,SG,Jordan,Jordan McRae,McRae,0,0,3500,MIA@WAS,WAS,MIA,,,
29206-17894,C,Mike,Mike Muscala,Muscala,16.78301887,53,3500,CHI@PHI,PHI,CHI,GTD,Ankle,
29206-84713,SG,Svi,Svi Mykhailiuk,Mykhailiuk,0,0,3500,LAL@POR,LAL,POR,,,
29206-84714,C,Moritz,Moritz Wagner,Wagner,0,0,3500,LAL@POR,LAL,POR,O,Knee,
29206-84717,SG,Anfernee,Anfernee Simons,Simons,0,0,3500,LAL@POR,POR,LAL,,,
29206-67312,C,Thomas,Thomas Bryant,Bryant,3.893333435,15,3500,MIA@WAS,WAS,MIA,,,
29206-84722,SF,Isaac,Isaac Bonga,Bonga,0,0,3500,LAL@POR,LAL,POR,,,
29206-9589,PF,Udonis,Udonis Haslem,Haslem,2.25,14,3500,MIA@WAS,MIA,WAS,,,
29206-84724,PG,Landry,Landry Shamet,Shamet,2.200000048,1,3500,CHI@PHI,PHI,CHI,,,
29206-23801,SG,Nik,Nik Stauskas,Stauskas,8.031707019,41,3500,LAL@POR,POR,LAL,,,
29206-58490,PG,Wade,Wade Baldwin IV,Baldwin IV,8.585714068,7,3500,LAL@POR,POR,LAL,,,
29206-85242,SG,Rawle,Rawle Alkins,Alkins,0,0,3500,CHI@PHI,CHI,PHI,,,
